{"params": {"beta": 0.022222222222222223, "target": "1-ahead", "n_comps": 22}, "fit_params": {"weights": [0.03536337609591489, 0.48682218502628705, 0.0015754888418933024, 0.001540864122715924, 0.001540864122715924, 0.001540864122715924, 0.001540864122715924, 0.017366891389922645, 0.012723548495957963, 0.10506357046178054, 0.1914383069745632, 0.0616351464196294, 0.0015754888418933024, 0.001540864122715924, 0.001540864122715924, 0.001540864122715924, 0.0018002020943876469, 0.005976881437922202, 0.0016841016337681913, 0.0021504491150317207, 0.0024031678924070136, 0.0616351464196294]}}