{"params": {"beta": 3.0, "target": "1-ahead", "n_comps": 22}, "fit_params": {"weights": [[8.912752089571584e-06, 0.07298500695852625, 0.07298500695852625, 0.07298500695852625, 0.07298500695852625, 0.07298500695852625, 0.07298500695852625, 0.008094187873731775, 0.06745103417522706, 0.06258296013659595, 0.0687371207047563, 0.09209443139507006, 0.00022915041967408803, 0.00022915041967408803, 0.054329659649086426, 8.91275134090046e-06, 0.002921071413985038, 0.06338753216157916, 0.0054527806289798465, 0.043450480901310096, 0.02359638492602782, 0.0695161879397141], [1.3881767249751178e-05, 0.09160564308388633, 0.09160564308388633, 0.09160564308388633, 0.09160564308388633, 0.09160564308388633, 0.09160564308388633, 0.008859696663922258, 0.04417429482800512, 0.04950772564971969, 0.07002314685871772, 0.08248341359061832, 0.0002927817891896832, 0.0002927817891896832, 0.037664987427592916, 1.388176608368281e-05, 0.012890616214224883, 0.03978586724613509, 0.007113552768442114, 0.027816788671061392, 0.02154670703741248, 0.047886017429117446], [7.665999156955872e-06, 0.10553881882054919, 0.10553881882054919, 0.10553881882054919, 0.10553881882054919, 0.10553881882054919, 0.10553881882054919, 0.0057364170492770535, 0.04000819377708298, 0.055477124781720386, 0.06269920253874277, 0.0578099816484087, 0.00015508929324190812, 0.00015508929324190812, 0.03373499435296565, 7.665998513011988e-06, 0.006998489314753756, 0.030673851722966588, 0.003635171610556108, 0.023249619841369383, 0.014755742884158951, 0.0316627869705487], [0.10490788952610695, 0.06212902960502143, 0.06212902960502143, 0.06212902960502143, 0.06212902960502143, 0.06212902960502143, 0.06212902960502143, 0.020988142444602793, 0.04762338454141378, 0.06323768084593659, 0.06971704558362499, 0.11813910900779587, 0.0003237240140997622, 0.0003237240140997622, 0.040596549738840124, 1.6551113005022845e-05, 0.012222762946816877, 0.05082175975695934, 0.006058915414931299, 0.027010016765502423, 0.023466432363217816, 0.04177213429291788], [0.0484690593552745, 0.07457879510177265, 0.07457879510177265, 0.07457879510177265, 0.07457879510177265, 0.07457879510177265, 0.07457879510177265, 0.024870127739401972, 0.05462616817265821, 0.048843445519267274, 0.09580752425732166, 0.06401669164379484, 0.0003452865736278881, 0.0003452865736278881, 0.04809145050290635, 1.4187992942036119e-05, 0.010698571251936975, 0.04889898171934272, 0.004185424710813949, 0.026853186692498435, 0.022558046849113732, 0.0539037898348358], [0.05555819172666981, 0.07304105204443223, 0.07304105204443223, 0.07304105204443223, 0.07304105204443223, 0.07304105204443223, 0.07304105204443223, 0.018778767759965904, 0.05939806990466407, 0.07331774112759226, 0.08545781239495805, 0.05948923607413263, 0.0005388847308452278, 0.0005388847308452278, 0.049659715474152225, 1.787262344168028e-05, 0.01266292658026249, 0.04153104022850906, 0.0048849647490901826, 0.0285230747529306, 0.02439903862318994, 0.04699746625215717], [0.030525532153384, 0.07166670405601529, 0.07166670405601529, 0.07166670405601529, 0.07166670405601529, 0.07166670405601529, 0.07166670405601529, 0.025638262947592243, 0.04969422587266396, 0.07916183101363977, 0.10177567001363631, 0.04687518734651351, 0.0008289105103273512, 0.0008289105103273512, 0.04737236821369848, 2.882885436947196e-05, 0.015919825183601678, 0.0499225917335809, 0.005445436432921199, 0.03381732561563282, 0.028490842258033677, 0.05367402700398554], [0.08734661462175539, 0.08593142931180209, 0.08593142931180209, 0.08593142931180209, 0.08593142931180209, 0.08593142931180209, 0.08593142931180209, 0.015238974939443952, 0.040833722239491235, 0.09219119062831341, 0.04527853647065816, 0.028178679656107687, 0.0007973495080795311, 0.0007973495080795311, 0.03657413499988602, 2.7676294163608945e-05, 0.015480084941766947, 0.027957102500405263, 0.004915270498039464, 0.03479555510238565, 0.02855360326687656, 0.025445578953735153], [0.07339258547344486, 0.08653810745538092, 0.08653810745538092, 0.08653810745538092, 0.08653810745538092, 0.08653810745538092, 0.08653810745538092, 0.011286477617709265, 0.04749711992862666, 0.0616340397176154, 0.09490808447964262, 0.010595699954877837, 0.0007612308491472306, 0.0007612308491472306, 0.03802792747817413, 3.574554393268643e-05, 0.015835835174851216, 0.04399876606426807, 0.004120043665200311, 0.029216801745121413, 0.023860505334221516, 0.02483926139173437], [0.0495421503641711, 0.06446315726565878, 0.06446315726565878, 0.06446315726565878, 0.06446315726565878, 0.06446315726565878, 0.06446315726565878, 0.014171190649141897, 0.05913964382420375, 0.04037015951128068, 0.13495330466215164, 0.045956646048123724, 0.00082800210924539, 0.00082800210924539, 0.04206057486816779, 6.674849283447156e-05, 0.021913754689563806, 0.03524997667367203, 0.0052172278865524994, 0.030129211202385986, 0.02749465185636622, 0.10529981145894085], [0.0863157233346862, 0.04989035084627055, 0.04989035084627055, 0.04989035084627055, 0.04989035084627055, 0.04989035084627055, 0.04989035084627055, 0.0431445732563407, 0.03153285105408627, 0.04986713421796041, 0.053934745138180626, 0.0754870403744771, 0.00107420736618993, 0.00107420736618993, 0.032030522524455665, 0.00012854714853508434, 0.027023852032735687, 0.042061994312421906, 0.00566314860452841, 0.020026684257409357, 0.0361823539190874, 0.19511031001509205], [0.03815630058878337, 0.0855760152010336, 0.0855760152010336, 0.0855760152010336, 0.0855760152010336, 0.0855760152010336, 0.0855760152010336, 0.0485893011940285, 0.043457805189364755, 0.06421284407884682, 0.038545113447834636, 0.06391948870518903, 0.0016083479630620797, 0.0016083479630620797, 0.04188468880838178, 0.00029240285807120354, 0.026046030562829118, 0.04058225886491024, 0.005222980230482664, 0.021909235867608897, 0.022324956955565297, 0.02818380551577779], [0.028964816327396208, 0.08096349323072755, 0.08096349323072755, 0.08096349323072755, 0.08096349323072755, 0.08096349323072755, 0.08096349323072755, 0.01185499292718013, 0.048314843529494736, 0.10655134241257772, 0.04476243430715202, 0.04729686039400553, 0.00155861049714451, 0.00155861049714451, 0.043983312465867785, 0.00017657698134598528, 0.03258461152660376, 0.032962653817003425, 0.004434706767959299, 0.041633627168751616, 0.02813508511605707, 0.039445955879950374], [0.08615057774912091, 0.05419791239392954, 0.05419791239392954, 0.05419791239392954, 0.05419791239392954, 0.05419791239392954, 0.05419791239392954, 0.05230954886097591, 0.09248226531861348, 0.030746748770708203, 0.04697830081866057, 0.020758461850326104, 0.0023820597571813595, 0.0023820597571813595, 0.05074107339034221, 0.00019026104600532672, 0.04226742650334452, 0.0635227684393712, 0.004678387462902978, 0.05250890154765876, 0.03835956671354589, 0.0883541176504838], [0.024111015353461725, 0.0903087935560862, 0.0903087935560862, 0.0903087935560862, 0.0903087935560862, 0.0903087935560862, 0.0903087935560862, 0.02311340586021801, 0.08095744147421245, 0.09620712254132043, 0.03717060244998088, 0.006708253387188308, 0.0012829181324626958, 0.0012829181324626958, 0.05786277339650478, 0.00011159408365886086, 0.02180954752932099, 0.040575528387218375, 0.0024383305054860097, 0.026917486392160742, 0.02237594036565824, 0.015222360672167586], [0.017026984624756894, 0.07473889226281005, 0.07473889226281005, 0.07473889226281005, 0.07473889226281005, 0.07473889226281005, 0.07473889226281005, 0.03047395207026253, 0.11283847164561213, 0.07528428523875323, 0.051120251367632236, 0.016524382588464233, 0.0023135516421170016, 0.0023135516421170016, 0.07147267166622492, 0.00021006801323326368, 0.020978669497301313, 0.0404031121192608, 0.003912717133462424, 0.041195965663129525, 0.03391451925743769, 0.03158349225337458], [0.026310623962091956, 0.040043006688736886, 0.040043006688736886, 0.040043006688736886, 0.040043006688736886, 0.040043006688736886, 0.040043006688736886, 0.029592216097953192, 0.1454267825098232, 0.058857243142546554, 0.12825281629746543, 0.01619947442594685, 0.003294150800415073, 0.003294150800415073, 