{"params": {"beta": 0.022222222222222223, "target": "2-ahead", "n_comps": 22}, "fit_params": {"weights": [0.07764119111588252, 0.12943893309617208, 0.02920442742513237, 0.03898625744465779, 0.010985130044654253, 0.028562597999596012, 0.023910562858989893, 0.05563234442477334, 0.015330983981505985, 0.06499564852781999, 0.3079310448293372, 0.12109102604650918, 0.004935937103657464, 0.004721365694053332, 0.004721365694053332, 0.004721365694053332, 0.006444385011522484, 0.013417268135288856, 0.0051602601175225185, 0.0067372622986378965, 0.006444385011522484, 0.03898625744465779]}}