{"params": {"k": 7, "target": "2-ahead", "n_comps": 22}, "fit_params": {"partition_lengths": [9, 2, 3, 4, 8, 5, 2], "partition_weights": [[2.404492942540023e-89, 0.1070865402996844, 0.0024584003276805523, 0.003603117297731629, 0.14858590425066964, 3.345268016080668e-17, 1.2652169406801691e-11, 7.69011134693076e-45, 0.32911843161435483, 0.16435811134928716, 0.11294486474515877, 0.04170455505991657, 0.0, 0.0, 9.635787679668806e-24, 0.0, 8.892522420987937e-83, 0.09014007504286396, 3.121701925159927e-134, 5.53765780374621e-46, 4.744420437957005e-44, 1.942888241407526e-91], [3.002402817895595e-06, 1.940808459366662e-07, 1.6126842563923972e-08, 0.3494128938503026, 0.4991423530951842, 8.25105956188098e-07, 0.059109397780059275, 0.0849726933015693, 3.066930293348705e-62, 1.1389620375767365e-05, 7.870472523751973e-05, 2.954971738873712e-49, 2.53461069993505e-51, 2.53461069993505e-51, 3.1834108801731786e-44, 4.3109974328169745e-120, 0.007268519866724004, 1.9107389021911112e-46, 5.743283755706898e-38, 3.0352522058131013e-80, 1.0044084789076848e-08, 2.881468852281349e-23], [0.007358339839350215, 0.010599459410730268, 1.7099746846359047e-06, 1.243862559877304e-13, 4.816655097917081e-08, 1.0089351984173788e-20, 2.5411947745548293e-15, 0.0364838589261436, 0.24444582578234836, 1.098089694901963e-16, 0.08064712938907341, 8.358676892730445e-18, 9.34689244572643e-62, 9.34689244572643e-62, 3.3939335935267494e-11, 2.163474230046638e-121, 0.6204636246164348, 1.8279987303031348e-11, 2.5647095210963147e-43, 7.483864231256214e-11, 3.755929826035135e-09, 1.1568719578862121e-11], [2.6798714335293846e-23, 0.11854250137952387, 6.184266428192694e-06, 3.369696669306287e-11, 0.0023346884756196553, 0.08746427067907885, 0.000987254276993327, 1.6383204203559463e-24, 0.6783626320722855, 3.7862906274304967e-35, 0.014192925506139929, 1.9954953300963204e-87, 1.3028831142735408e-130, 1.3028831142735408e-130, 3.6883234067903153e-22, 8.534888412307784e-258, 2.2846828766689105e-33, 9.848352622942147e-15, 1.3247071646297139e-87, 4.023283990231224e-09, 1.872721970840115e-13, 0.098109539286752], [6.124103077151663e-40, 3.030080962989582e-08, 5.522476587520746e-14, 0.38210145841887366, 1.3023520408716885e-09, 0.0007160901655931267, 0.23465640083643935, 0.06795666285348942, 0.08270455331949582, 0.15945634919909796, 0.07240845360378761, 3.3361084428626534e-84, 2.0936361531707584e-195, 2.0936361531707584e-195, 6.184293738540764e-15, 0.0, 7.075699900440157e-71, 3.01590619397137e-26, 1.56532447544797e-139, 1.74651355798148e-35, 1.7243642709804594e-45, 8.347671797780014e-40], [0.39557064555589905, 9.26067143825275e-41, 2.2792174175742222e-52, 0.1869430459167839, 3.0908152293126746e-15, 3.164500742036779e-08, 7.529491122060136e-34, 1.3225301066321733e-44, 0.32006558878990066, 2.155708224250372e-38, 0.09652638439080458, 9.038894115565993e-82, 1.8755812000347048e-276, 1.8755812000347048e-276, 1.1411889415424563e-18, 0.0, 1.0031808324142622e-87, 0.0008943037016013854, 5.07652042959591e-156, 1.4978407932254639e-52, 2.720219972173945e-63, 5.457562302660437e-20], [0.0, 0.014294896029540226, 4.186711511157459e-09, 1.6930156521286413e-22, 3.524144728389465e-09, 1.6830842506458672e-21, 3.3229014958404085e-08, 0.2101003556716636, 1.5405736675585724e-08, 8.94189986273179e-15, 0.13068178073555523, 2.179533020914258e-29, 1.5476238903787233e-168, 1.5476238903787233e-168, 7.187293081077749e-23, 0.0, 0.008346859671256411, 0.32306267150562085, 4.0771150899351255e-58, 0.00036441107818499296, 0.31314896896256195, 3.978555341757911e-20]]}}