{"params": {"beta": 2.0, "target": "2-ahead", "n_comps": 22}, "fit_params": {"weights": [[0.00016201824706231987, 0.11812647447636028, 0.10274967497994038, 0.11663923585349728, 0.09658075591748053, 0.09137711133556146, 0.08422135535543716, 0.009232198614740783, 0.03326014674833448, 0.06069259144999883, 0.05181606946091133, 0.06815168002716836, 0.001236792369119922, 0.001236792369119922, 0.03514716419047291, 0.00016201823798929854, 0.007193495103091656, 0.04398245354828592, 0.010208117979884142, 0.025257819905099274, 0.01841249991054343, 0.024153533919900216], [0.00018256208908357363, 0.1283201569871511, 0.10543855957967724, 0.10936027632827987, 0.09465136343870462, 0.10204174055413372, 0.08532470127340709, 0.010203831425889837, 0.03235524762922679, 0.0588442951254328, 0.05767633801637337, 0.055053615779677566, 0.0013554576820065279, 0.0013554576820065279, 0.03407002559110267, 0.0001825620788600972, 0.013063821888340727, 0.04029479049287435, 0.010917342137035522, 0.021133724318815, 0.016815243470315835, 0.02135888643160492], [0.00020669418979733418, 0.11469039849937668, 0.09508149704524427, 0.11158081824985852, 0.09341283464633042, 0.09703992213385713, 0.07704737588055555, 0.013827348280646173, 0.037587692706157375, 0.04796497550708404, 0.0648715131504559, 0.07663275527248224, 0.0015004679375945158, 0.0015004679375945158, 0.035979011590090954, 0.00020669417822246022, 0.01401512424402424, 0.0429214269466731, 0.01044730802934219, 0.022396639683166346, 0.01950860651802417, 0.021580427373421748], [0.07768403132056083, 0.06422080782072175, 0.0535190097207763, 0.07482209206758084, 0.0636531586961508, 0.04854844304724453, 0.04442968666681105, 0.029004725602817173, 0.05135688037565321, 0.07569949837085241, 0.0821955618886579, 0.08424841024753091, 0.002883264126197948, 0.002883264126197948, 0.050576020202876895, 0.00034333015017418074, 0.022275239285870916, 0.056787971365110525, 0.015308677077829156, 0.03153683587633489, 0.029018545256313418, 0.039004546707736364], [0.048276983545053276, 0.08943825161013533, 0.06590163400441706, 0.07700639958240603, 0.06226068741595715, 0.06759227210560471, 0.04880771167920039, 0.026137590443735138, 0.05066718161305877, 0.058382651426766664, 0.09300954093536135, 0.0668830616683047, 0.003519825557512009, 0.003519825557512009, 0.04936017161501846, 0.0003633424094521051, 0.023338284166240647, 0.049718427902333516, 0.014975887125332698, 0.03220157110834503, 0.02956718103284229, 0.039071517495410595], [0.07799828963354709, 0.06966496192394503, 0.05907025455731553, 0.0684665587374672, 0.06590542308262579, 0.0722694275831089, 0.0729322772045929, 0.03149791910859375, 0.0513893481718927, 0.05171343957296718, 0.0467427272516853, 0.06472133878247131, 0.0047621253717701146, 0.0047621253717701146, 0.0441504661751716, 0.000507396324296015, 0.026118076215024724, 0.05300687019540725, 0.016963263428596893, 0.033805918330117674, 0.029427385525078956, 0.05412440745255398], [0.03548929589956499, 0.05721051245478855, 0.048485134709543874, 0.0668875831565845, 0.0635353639994427, 0.059735925188501855, 0.06244178440314868, 0.03364966623748613, 0.05522753984405819, 0.07134522148116557, 0.06954422219294243, 0.0657664444531703, 0.006203927290482449, 0.006203927290482449, 0.050201397024639, 0.0006601452521952548, 0.03549555112784355, 0.055828546322270224, 0.020770524273369104, 0.04474348822698976, 0.04281018040772238, 0.04776361876360822], [0.08639106314766015, 0.06942058662804548, 0.05057094562659871, 0.07232265021088569, 0.05633313085688786, 0.04196217460502142, 0.0435170592393631, 0.030561978102733003, 0.062389396516403156, 0.06508002444252975, 0.0424029054798871, 0.033659936335566513, 0.0068815405884586865, 0.0068815405884586865, 0.05244778001691699, 0.0008956865014358559, 0.03952763937713523, 0.052166553202146616, 0.02170810759500678, 0.052885379207440075, 0.051250728459972326, 0.060743193271446734], [0.07645816451496872, 0.046235021208341796, 0.04788202403134499, 0.04992228862938357, 0.04364021787496686, 0.0431789631956279, 0.03721042099300046, 0.0335079605588764, 0.06667717237784496, 0.07624791087293502, 0.13039279387028185, 0.03939594424547193, 0.0063659078013716406, 0.0063659078013716406, 0.06091697710205513, 0.0011879560077836945, 0.043247799721209554, 0.06068947512334477, 0.021902457553300867, 0.039647894443945786, 0.042070364820374254, 0.02685637725219829], [0.054579743536847476, 0.1444566900896848, 0.06352482066151272, 0.13830911023037293, 0.07192910480897773, 0.11058744621310068, 0.06052289005997085, 0.026576978664317963, 0.03391130166265977, 0.038938968222145716, 0.03897326918665199, 0.030865650937598972, 0.004027179336302496, 0.004027179336302496, 0.030027343813265023, 0.0009779512002154778, 0.026742138720283786, 0.029438171395370596, 0.011754196601742458, 0.01682360282206499, 0.024667952234962716, 0.038338310265648254], [0.053873415511951246, 0.10467872660538848, 0.08446547141854079, 0.09848958814331857, 0.07948621409413748, 0.08073174995936495, 0.06494895264893503, 0.0507905377454931, 0.025647426887187037, 0.04844712802309052, 0.033510612762274225, 0.08903071205398085, 0.006894961895186573, 0.006894961895186573, 0.029281218064224936, 0.002212752993805257, 0.034499501981898724, 0.02680397459732762, 0.014903398500739339, 0.014672427409767918, 0.0278223428670889, 0.0219139239411118], [0.0400840152593225, 0.07591095439976739, 0.05301434015195223, 0.05248166546415353, 0.05035709233604254, 0.05643890600680569, 0.049199182667124225, 0.023026987434648805, 0.058657751037650564, 0.06357670078517484, 0.10750701179069366, 0.0681186407658989, 0.008518746134347166, 0.008518746134347166, 0.050300226875354966, 0.0019947619010855433, 0.04730060921800047, 0.04525428296483904, 0.017376031604993434, 0.04535051143892825, 0.03754625525211719, 0.039466580376752027], [0.12193838686178288, 0.012281097602499451, 0.01643734989233787, 0.013035220585723477, 0.01888289347745527, 0.009292337136207706, 0.02052370454246063, 0.08316130584195618, 0.0693935403496437, 0.07542810550296762, 0.09599386460997324, 0.03212365611169201, 0.016097003761681185, 0.016097003761681185, 0.06014797198560077, 0.0029854504268088376, 0.08375767081979914, 0.06254093314272965, 0.02515825503943739, 0.06450066432935443, 0.057809068384186625, 0.04241451583402094], [0.08197664811469159, 0.02133264115599842, 0.0391573010137121, 0.02107944640802873, 0.027248702413733884, 0.022511932430282357, 0.03434870361926045, 0.08329648245070755, 0.07763918239309774, 0.0596865198991584, 0.07013019020892168, 0.019354764038612825, 0.015715164563885355, 0.015715164563885355, 0.06052381434802407, 0.0030851793640818857, 0.07150768751846985, 0.05524451538750529, 0.023423307659746543, 0.06823574008839205, 0.057458475040356546, 0.07132843731944725], [0.09350591425663088, 0.03930845814298313, 0.060070335581679866, 0.02925543381591016, 0.03177170666995857, 0.03937484312217847, 0.04274077074636418, 0.04886313949502801, 0.09076970428077451, 0.07446733862352795, 0.03799849502378368, 0.01659794488088293, 0.011825161567040736, 0.011825161567040736, 0.06788930126189366, 0.002388879460987011, 0.03891699647126924, 0.04616971598883197, 0.017599271561443492, 0.04612595174579549, 0.04255385250288493, 0.10998162323311014], [0.022168044670116988, 0.11033701821979454, 0.06555165185136846, 0.047494033216479034, 0.05033480131618834, 0.06002935003659754, 0.0502422521590873, 0.04896432233914882, 0.08004537170252565, 0.03682895498727248, 0.08114883184221346, 0.020944817343276387, 0.013902566113719112, 0.013902566113719112, 0.055179745051427906, 0.002707512282354392, 0.029698829292160854, 0.04674440061071238, 0.019778594015789294, 0.04993893972593088, 0.04387582537753299, 0.05018157173258414], [0.01765910970313308, 0.09716529972191641, 0.06075366228782957, 0.05881704214388075, 0.036788562151478105, 0.06412021624812644, 0.04551719648979166, 0.033012296381954256, 0.07750981953614852, 0.019224705061731583, 0.0875016545632728, 0.022173642536311447, 0.009028532673763395, 0.009028532673763395, 0.046616634134185674, 0.0019820851440846797, 