{"params": {"beta": 0.011111111111111112, "target": "4-ahead", "n_comps": 22}, "fit_params": {"weights": [0.0750328078354989, 0.06714230650218173, 0.04027388457554599, 0.038953549590422, 0.023890502887709043, 0.049190633702396194, 0.03371441381953127, 0.08110164410435919, 0.028223294354991862, 0.03852312803182794, 0.14777683046513296, 0.14135278531345577, 0.017698519840464055, 0.017118293344397056, 0.017118293344397056, 0.01730955721309635, 0.018918639971315546, 0.036038655359042354, 0.01829841317947883, 0.020448825655785024, 0.020448825655785024, 0.051426195253186]}}