{"params": {"beta": 2.0, "target": "4-ahead", "n_comps": 22}, "fit_params": {"weights": [[0.00028543286627310914, 0.10755857587780018, 0.08082899284393309, 0.11256173457067381, 0.08061888218170167, 0.08715016781816838, 0.07932108662099199, 0.01149604678104516, 0.0324227193633419, 0.05816861907733697, 0.07829706287383212, 0.10631930850754523, 0.0020720604899365537, 0.0020720604899365537, 0.037417009198307496, 0.00028543285028886955, 0.009315919772941475, 0.047434783787050065, 0.014673881781518787, 0.019820561655703575, 0.017342577903719736, 0.014537082687953203], [0.00045788519384051775, 0.08687462434762223, 0.06707598353399226, 0.08422217393092098, 0.06094079112566149, 0.07239932092016227, 0.05791763348031402, 0.020051879729732523, 0.04563394296848868, 0.08207058479042594, 0.08732565590761539, 0.09296620622817063, 0.0038452896686072156, 0.0038452896686072156, 0.049691552864977756, 0.0004578851681989483, 0.020643784613577673, 0.05923021074595741, 0.02033755243453162, 0.026682705085568054, 0.025893558113032077, 0.03143548947999499], [0.0005314792152435495, 0.09493640268160483, 0.07226285293876572, 0.08219428773554018, 0.0686800869380685, 0.08402096582825493, 0.06113124518257481, 0.01958421107835323, 0.05010649732301918, 0.06668026361592468, 0.08314256019127361, 0.06833352124929651, 0.0051486255710187865, 0.0051486255710187865, 0.04882861171315257, 0.0005314791854807152, 0.02250244430515128, 0.062406641609247644, 0.022250263229359867, 0.029275098910471097, 0.029708868022227174, 0.02259496790495238], [0.02460010190279871, 0.09044808918193445, 0.07836244483028448, 0.08649017413187525, 0.07221208512771723, 0.07955702650928832, 0.08332512833653624, 0.023894671014023927, 0.039862123418862104, 0.043572902420196985, 0.09610545359161235, 0.07070858866302902, 0.005757711143927165, 0.005757711143927165, 0.03968445908275064, 0.0006134742877844325, 0.020244225289822653, 0.04119316331665048, 0.020762701630834036, 0.02431818365538217, 0.02475481065251302, 0.027774770668249103], [0.0496529171241136, 0.09173768982037889, 0.08527453979476578, 0.08008952081632502, 0.07298823080970407, 0.08021533323498425, 0.08699679638826807, 0.02644971673299813, 0.038855620724277916, 0.05180463750592377, 0.04297784595753079, 0.054367665916516275, 0.006763104944841053, 0.006763104944841053, 0.03464667545902751, 0.0007196460258785334, 0.025740502299174118, 0.0409770567184007, 0.023105248741189625, 0.029098951060303455, 0.031319677814876254, 0.0394555171656812], [0.046521806474691126, 0.08462471485915807, 0.06471312781465004, 0.073668870487406, 0.0547124226349412, 0.06025039733426077, 0.05676225967078572, 0.03213941892296143, 0.04724911896429132, 0.06240861198974781, 0.08905223618446595, 0.036675735677782, 0.009499799335926717, 0.009499799335926717, 0.04438761689714678, 0.0012364734207641521, 0.037971872320835355, 0.04816010851812937, 0.02915733089038586, 0.04221682930983353, 0.0430642578462932, 0.02602719110961673], [0.043818769978544704, 0.0383242424750411, 0.034601666419591275, 0.040414586176812706, 0.03361406506032779, 0.0350567894761769, 0.02798894299273355, 0.03233339857468178, 0.052910114862133394, 0.08184085527609812, 0.1328997448018029, 0.13066606705031575, 0.009517599576010265, 0.009517599576010265, 0.053428863478211706, 0.001776100117812697, 0.04232048622964221, 0.059283246075234886, 0.0326431123672565, 0.0371632150447506, 0.04368157136185435, 0.026198963028956697], [0.07995745142801944, 0.036441719878107445, 0.04336490622018809, 0.03402387653455937, 0.03098450114843101, 0.03374519338149346, 0.029566280545722304, 0.05247225961105531, 0.06472149418955062, 0.07941148575575213, 0.06634528200520765, 0.07481126724093035, 0.01288666439980595, 0.01288666439980595, 0.057087607633701944, 0.0031293686881436853, 0.0531500429811161, 0.06966953247810306, 0.038156491686596496, 0.03730013335432227, 0.05281888151545196, 0.03706889492393564], [0.07763487286566287, 0.0591227066488516, 0.027924433728877526, 0.052265919145628656, 0.03246394867241869, 0.05235441889193892, 0.01962292921865151, 0.07720870332116786, 0.056781321108832425, 0.07828849367161522, 0.03779558602453764, 0.10703537750908941, 0.016724474089350305, 0.016724474089350305, 0.052846816379518734, 0.00536727115734509, 0.05646893405204138, 0.05736864047268022, 0.035538381901032964, 0.01949334770222049, 0.04338169949289038, 0.017587249856297695], [0.07822838674085468, 0.0515513057497915, 0.04087611525109959, 0.054686170359868204, 0.04708111014139708, 0.07170581871236231, 0.045371273699010756, 0.029891614215348455, 0.057651808009088076, 0.06704723208825393, 0.06268681043318171, 0.03692884493658376, 0.015069484270216928, 0.015069484270216928, 0.048649608241096265, 0.0035286922062433617, 0.055985362593086965, 0.06706734918408673, 0.028279355433413984, 0.03466911608330702, 0.04456987379255245, 0.04340518358893923], [0.09749776632271513, 0.02932857759988592, 0.03592760973655794, 0.031171050225087735, 0.028569745321811082, 0.023961066276590202, 0.024039830102035743, 0.0744098937287276, 0.06668503149795889, 0.04874209435936449, 0.10121211076337298, 0.022071863858065224, 0.020905571123833584, 0.020905571123833584, 0.05530817612909354, 0.003878487564080983, 0.06495209874198744, 0.06262880676362349, 0.032895941440043486, 0.045096014665216, 0.04687725816585525, 0.0629354344902595], [0.10209588962522495, 0.017095195509198007, 0.027027661153748706, 0.018912690143172442, 0.03574420792606789, 0.02461101471869348, 0.03236870764449011, 0.08701612147156615, 0.08495477389033158, 0.06396169859575199, 0.039865824649260626, 0.041341268666436275, 0.022105959111245063, 0.022105959111245063, 0.06479974297873027, 0.004337977910977027, 0.07419526668250571, 0.04781368391746641, 0.033385964901746445, 0.05569507124281482, 0.05386845101033745, 0.04669686913898946], [0.06774774621487824, 0.013624856555245628, 0.026001482226739012, 0.01314633202378709, 0.020294410079180245, 0.011420295016494837, 0.01994925595296487, 0.10905105825670618, 0.09036106418981596, 0.07468232607628099, 0.0490992751370888, 0.0425562859670198, 0.030592125485138295, 0.030592125485138295, 0.07210758102522942, 0.006180118540035541, 0.06863561803024745, 0.050686685537702926, 0.04417954897961749, 0.06140162568895138, 0.055363738511516145, 0.0423264450202214], [0.06020998743305508, 0.025801598649658516, 0.03726200484857988, 0.02422388905115149, 0.025732705562685823, 0.033086271230913546, 0.030454158239503336, 0.09628803082272872, 0.08782515457391464, 0.07598369048613558, 0.023407381651600705, 0.013096717596371174, 0.030644255847222593, 0.030644255847222593, 0.07272029982038197, 0.005967941343439519, 0.04161705648544883, 0.049068699759108055, 0.042279115111999985, 0.061281369871537233, 0.05067117334423078, 0.08173424242310999], [0.04959312358462015, 0.05023620004902732, 0.04449557900738936, 0.03332003970677815, 0.029916576553105236, 0.04071715614817484, 0.03574994248798765, 0.08465373417428393, 0.09998321261753473, 0.03796651830979515, 0.028189183114506907, 0.021806198030324308, 0.02223297394809051, 0.02223297394809051, 0.06761126896883331, 0.004874708658647573, 0.034128964654912566, 0.05826395445633714, 0.03906649000111975, 0.05739416887825871, 0.05563498981440062, 0.08193204288778143], [0.015388654022998664, 0.0633323782631102, 0.050493138834556375, 0.03576366173267596, 0.03596577933359936, 0.043449424989336814, 0.03492383821559112, 0.057592818421386964, 0.07530555909936609, 0.018510342005082437, 0.15891297424137146, 0.07760727087516972, 0.01595650842236372, 0.01595650842236372, 0.05016357811721366, 0.0039439964293196605, 0.025602427360022044, 0.04928272201235053, 0.0327865463890134, 0.04949048166576762, 0.042610035713962734, 0.04696135543337765], [0.03991165915840076, 0.06257773486628823, 0.054479900946200546, 0.06469842223973613, 0.05490112366005112, 0.06778111974175585, 0.06700715233297726, 0.06254423772247819, 0.07071866068895434, 0.018759829063940955, 0.0741198118549474, 0.0474149140640101, 0.01570995913845018, 0.01570995913845018, 0.0481738480472359, 0.0032195753052516748, 