{"params": {"beta": 0.011111111111111112, "target": "3-ahead", "n_comps": 22}, "fit_params": {"weights": [0.07153992808344764, 0.061918021987344404, 0.04150489134899243, 0.05013403771981981, 0.024079644081865408, 0.0541890008112384, 0.035922607751738264, 0.06767387237544632, 0.03178977246493905, 0.05183333661922691, 0.1592150379711204, 0.1219473094758847, 0.018239490696223434, 0.017446597037540035, 0.017446597037540035, 0.017641529065979055, 0.020157754677977487, 0.029739554193516274, 0.01803795142455304, 0.022031603621508248, 0.02061071907936885, 0.04690074247473002]}}