{"params": {"beta": 2.0, "target": "3-ahead", "n_comps": 22}, "fit_params": {"weights": [[0.0002002233926174385, 0.12266765724664899, 0.1097179146789521, 0.11629419916431426, 0.09578818221088016, 0.104847669008934, 0.09292423185996648, 0.009152576275865444, 0.02810103440657814, 0.05755608736548154, 0.059553864571612394, 0.05920460451521162, 0.0014865864923164671, 0.0014865864923164671, 0.03263937064426682, 0.00020022338140492915, 0.007962505589488036, 0.035532162737741124, 0.012046415091886321, 0.021468968817512705, 0.015671244955124293, 0.015497691100880335], [0.00024553293907834045, 0.11865961748416759, 0.09960173739265892, 0.1136435244119372, 0.08976039160106589, 0.0909711145939294, 0.0713200728399079, 0.01157915520167005, 0.029791555153802, 0.05901181194556402, 0.07052717637504588, 0.09222467282876633, 0.001782412476478567, 0.001782412476478567, 0.033978866872156274, 0.0002455329253284966, 0.012894720195286358, 0.037971270807881506, 0.01250188453922627, 0.017666981811051863, 0.016248143301895723, 0.017591411826622765], [0.00039400571845831265, 0.07793845538241233, 0.06051898483186249, 0.0801061515864226, 0.05802217774640244, 0.07399041376920053, 0.054319868824183264, 0.02109906515326587, 0.05179133587953687, 0.09001628722393075, 0.09025532297882291, 0.08972161402018354, 0.003308834046046078, 0.003308834046046078, 0.05419813223671858, 0.00039400569639399364, 0.02159753196609649, 0.06399544058730017, 0.01754505073042074, 0.029744016227456503, 0.028159405717932094, 0.02957506563090732], [0.07421067738247321, 0.06681547556552675, 0.05123895909191213, 0.07619260441825136, 0.0593848527950953, 0.047426410311551204, 0.04986483169354922, 0.02658961680358476, 0.05052895868248398, 0.057083446643025754, 0.09338705384941143, 0.08687566011267214, 0.004848813458230908, 0.004848813458230908, 0.04911593214600543, 0.0005005303632554811, 0.02469044336192828, 0.06237554913887259, 0.020893729864287683, 0.03139994555897541, 0.030027233879273706, 0.03170046142140235], [0.03796839060542766, 0.08880488289809682, 0.06798946121881053, 0.07013918879858022, 0.06177431256488164, 0.08465125813049891, 0.07711385257887467, 0.025309462215916505, 0.04086969377588599, 0.04722449595968079, 0.09588611093366876, 0.08568659788773647, 0.004681859006555612, 0.004681859006555612, 0.04088220135569504, 0.0004988440801833612, 0.02167033695615899, 0.04348924479425738, 0.01648295721458154, 0.02475321087832939, 0.023701677725372728, 0.0357401014142516], [0.0975263402137386, 0.09270743696583088, 0.07721697876791099, 0.09747713685904855, 0.07398471550891593, 0.09653279549292516, 0.0816851625164717, 0.022283594920504156, 0.036564641626187964, 0.045953879555467314, 0.0491479163364064, 0.03520811054077871, 0.005118783041907239, 0.005118783041907239, 0.03313377146377993, 0.0005446776153093612, 0.023721204297779554, 0.036268655552644885, 0.016854950346923275, 0.027951435184842065, 0.027789035091644987, 0.017209995059074955], [0.06981155963911234, 0.05688109069115945, 0.04978919816948715, 0.059131497079272094, 0.054775755169321115, 0.050707659973132806, 0.036552981921550286, 0.038641716515079354, 0.05446095186190688, 0.07600036172160758, 0.06451319970776938, 0.04884724412998204, 0.009199120898835534, 0.009199120898835534, 0.04882446601329418, 0.0011973377629977675, 0.04197757875928171, 0.06150044635595593, 0.029248121886782507, 0.04657796517659945, 0.04855510294988665, 0.04360752271814988], [0.051640445654681365, 0.04283563212293453, 0.037072732652620455, 0.0489980879820085, 0.03916171729412122, 0.03178578147253716, 0.029351303533576623, 0.03095978644770996, 0.06779250899875258, 0.0800876798429813, 0.09387585832935819, 0.0888894058329616, 0.008402843215860696, 0.008402843215860696, 0.06004771699757761, 0.0015680729900918987, 0.04791947127742215, 0.06103498509881365, 0.029224189370660753, 0.04468025540285066, 0.04735062730851934, 0.048918054958099234], [0.07989954471897165, 0.06879958491582273, 0.04119287629517656, 0.055426526038734776, 0.03661609033961368, 0.04061575944987507, 0.027992169467950825, 0.04919022401285831, 0.061765803703516045, 0.0809664445916629, 0.07753890750952953, 0.056461296856954085, 0.009768961220802628, 0.009768961220802628, 0.05614130984849054, 0.0023722726387233294, 0.048379895072344206, 0.06360641107333054, 0.02906656135668437, 0.029210212181616676, 0.04376771781607933, 0.0314524696704596], [0.054679369515722, 0.08945202007002305, 0.05254378279881963, 0.09196218989987265, 0.05948178669197413, 0.0754423753413933, 0.052426959567786945, 0.047516013840326395, 0.03510163465023705, 0.052188524711571094, 0.04443798294913311, 0.12625628465568528, 0.009462806585183794, 0.009462806585183794, 0.0357986882711806, 0.0030368338388908457, 0.03971812724393503, 0.03535927025323437, 0.020153782637714928, 0.014697030704726088, 0.031189301351893267, 0.019632427835512327], [0.07958631646026255, 0.05822194363128446, 0.04956104062128461, 0.06465250898603522, 0.04751053723793641, 0.06914547976706185, 0.04820452712400996, 0.021549543300477654, 0.053565808625952734, 0.05613430100775525, 0.0969705810835972, 0.034180627743361496, 0.011093463818180918, 0.011093463818180918, 0.044774973653397616, 0.0025976615133952575, 0.05015727467968116, 0.05339560781893968, 0.021961347282407034, 0.033135437755823484, 0.038323622075815605, 0.054183931995158856], [0.11161806752562713, 0.010365938761447382, 0.018944993893638986, 0.01493881696930861, 0.02336784211837072, 0.011554674386922703, 0.021238387695043378, 0.06435698927449617, 0.08390377309260674, 0.06375637841109925, 0.06511094611645837, 0.05478725253398428, 0.018678665832561323, 0.018678665832561323, 0.06442499495267819, 0.0034653429325650856, 0.07808346166041957, 0.0652530152088632, 0.028281387542863252, 0.0645208443131673, 0.05377356087798964, 0.060896000067327295], [0.09312180995945027, 0.01720472183061807, 0.027075676395256917, 0.02049323496433297, 0.02740170259186986, 0.0113715394091336, 0.031167547990049598, 0.09542418304864177, 0.07950052362511684, 0.06580971084781648, 0.0781153277076771, 0.012173899838629869, 0.02214025893014187, 0.02214025893014187, 0.06228785117589458, 0.004346545000468993, 0.08816205725343114, 0.04770211057056549, 0.03389988668074917, 0.0625935015186288, 0.06346079210176647, 0.03440685962961826], [0.06769458978327628, 0.018795586027265332, 0.03468739093566213, 0.02382221028621077, 0.021183953576441334, 0.025778503399688568, 0.0254302685912976, 0.09388578986341413, 0.08659660552940518, 0.07290078831017809, 0.055365384847846304, 0.03826619033732095, 0.02386266092667162, 0.02386266092667162, 0.06930362490740312, 0.0048206546903433725, 0.056578066365368745, 0.051497923143399404, 0.03357308921223202, 0.06409183375974233, 0.05089922394685518, 0.05710300063330578], [0.03927109623710931, 0.06947453932184793, 0.04791233301318803, 0.0457239227412185, 0.03604969249540965, 0.05759032432957852, 0.04873844818880885, 0.07326279979452434, 0.08803543630147091, 0.08869852345997872, 0.023386139816678832, 0.010623066884385112, 0.01929693623680946, 0.01929693623680946, 0.07066748720994387, 0.003758061025972313, 0.034857807221847725, 0.0450568157423087, 0.02725033269969381, 0.05082479463880373, 0.04340631304308952, 0.05681819336052244], [0.03205536001544708, 0.08759859746770494, 0.04824079885146597, 0.03398563057591111, 0.04371721971727334, 0.045083668029746775, 0.03367856082973689, 0.05175829166083641, 0.08571837102536653, 0.025139724716271346, 0.12081563709483326, 0.02337074439952407, 0.01680402941368553, 0.01680402941368553, 0.05426527379500059, 0.0036890841806905264, 0.029793080438154606, 0.047876957553777695, 0.030486424323896887, 0.056392007055675264, 0.051619246321166226, 0.061107263120149725], [0.01322747103488568, 0.060983661388217585, 0.04378394758827621, 0.06541050219066559, 0.048827919026984655, 0.07130798118180169, 0.053693720529429036, 0.047331938156490734, 0.07093942350874331, 0.01877558603268887, 0.11958309853766044, 0.058428564012347924, 0.01211582042155051, 0.01211582042155051, 0.04646452361777179, 0.0029946872596451663, 